id,last_modified,code,poi_type,name,lat,lon
7782733286,16/11/2022,7782733286,fountain,Punto acqua,"43,7768504","11,8389348"
4328283743,16/11/2022,4328283743,fountain,Fontana,"43,7804918","11,816835"
2855598261,16/11/2022,2855598261,fountain,Fontana dei Billi,"43,815766","12,2787464"
1980033814,16/11/2022,1980033814,fountain,Fontana del Campari,"43,6953253","11,9385466"
5034683490,16/11/2022,5034683490,fountain,Fontana del Prete,"43,794293","11,8775693"
3771908496,16/11/2022,3771908496,fountain,Fontana Memoriale Pantani,"44,045543","12,2135569"
1609326992,16/11/2022,1609326992,fountain,Fontana Piandispino,"44,056157","12,0884423"
5019405497,16/11/2022,5019405497,fountain,Fontana San Carlo,"44,0885584","12,192146"
1305740653,16/11/2022,1305740653,fountain,Fontanile di Frassineta,"43,7652917","11,9026654"
9530713329,16/11/2022,9530713329,fountain,"Fonte ""Le Fontanelle""","43,8093678","12,3160706"
1929061087,16/11/2022,1929061087,fountain,Fonte Bona,"43,79383","11,8200236"
4410405973,16/11/2022,4410405973,fountain,Fonte dei Cerri,"43,8829822","11,8451894"
658058366,16/11/2022,658058366,fountain,Fonte del Cinghiale,"43,8910864","11,892598"
9742210214,16/11/2022,9742210214,fountain,Fonte del Cippo,"43,7952039","12,3384044"
2442836819,16/11/2022,2442836819,fountain,Fonte del Coppo,"43,7973697","12,3390694"
1401704624,16/11/2022,1401704624,fountain,Fonte del Pellegrino,"43,8117258","12,3311866"
5592902071,16/11/2022,5592902071,fountain,Fonte del Pellegrino,"43,7901677","11,8815093"
1401704628,16/11/2022,1401704628,fountain,Fonte del Ranc,"43,8213077","12,3392886"
641295914,16/11/2022,641295914,fountain,Fonte del Re,"43,8070245","11,9084061"
7776434670,16/11/2022,7776434670,fountain,Fonte del Rifugio,"43,7958967","12,3379388"
5554574041,16/11/2022,5554574041,fountain,Fonte del Vigoroso,"43,8012836","11,8200418"
9674339587,16/11/2022,9674339587,fountain,Fonte Dellâ€™Agrifoglio,"43,800738","12,0724506"
9621560541,16/11/2022,9621560541,fountain,Fonte della Pineta,"43,7935136","12,3323219"
1401704627,16/11/2022,1401704627,fountain,Fonte delle Arpine,"43,8209121","12,347409"
2406314208,16/11/2022,2406314208,fountain,Fonte delle Cavalle,"43,8237473","11,8820719"
2496183936,16/11/2022,2496183936,fountain,Fonte di Francesco,"43,8302352","11,8374453"
1379046393,16/11/2022,1379046393,fountain,Fonte di Giovanni,"43,8726023","11,881256"
3785840800,16/11/2022,3785840800,fountain,Fonte di Guido,"43,8115427","11,8506048"
7814069043,16/11/2022,7814069043,fountain,Fonte di Guido,"43,8689616","11,88618"
5554576269,16/11/2022,5554576269,fountain,Fonte di Maurizio,"43,8045764","11,821171"
9015548839,16/11/2022,9015548839,fountain,Fonte di Piazza della Fonte,"43,6984945","11,898822"
5642011039,16/11/2022,5642011039,fountain,Fonte di Sant'Alberico,"43,7933622","12,099595"
3785019516,16/11/2022,3785019516,fountain,Fonte Don Vittorio,"44,05084","11,8557194"
3785828353,16/11/2022,3785828353,fountain,Fonte Duchessa,"43,8022589","11,8304941"
9621376099,16/11/2022,9621376099,fountain,Fonte San Pietro,"43,7810964","12,3267692"
9627165182,16/11/2022,9627165182,fountain,Fonte Saptille,"43,8214141","12,330981"
1605088712,16/11/2022,1605088712,fountain,Fonte Solfurea Chiardovo,"43,8300634","11,9490564"
566129421,16/11/2022,566129421,fountain,Fontebona,"43,8101117","11,8165023"
1696090812,16/11/2022,1696090812,fountain,Lavatoio,"43,8265173","12,2999187"
4579242991,16/11/2022,4579242991,fountain,Parco giochi Frutipapalina,"44,15031","12,2607756"
256784579,16/11/2022,256784579,fountain,Punto acqua,"44,1328993","12,2457581"
312557784,16/11/2022,312557784,fountain,Punto acqua,"44,1063874","12,2505399"
390558962,16/11/2022,390558962,fountain,Punto acqua,"44,1491605","12,2281813"
394945437,16/11/2022,394945437,fountain,Punto acqua,"44,1459165","12,1356048"
394948448,16/11/2022,394948448,fountain,Punto acqua,"44,053433","12,1784048"
394948601,16/11/2022,394948601,fountain,Punto acqua,"44,0522189","12,1761961"
395030631,16/11/2022,395030631,fountain,Punto acqua,"43,9941541","12,1066246"
395031600,16/11/2022,395031600,fountain,Punto acqua,"43,970299","12,0774201"
395033597,16/11/2022,395033597,fountain,Punto acqua,"43,9223787","11,9822817"
395033641,16/11/2022,395033641,fountain,Punto acqua,"43,9230464","11,9812002"
395504314,16/11/2022,395504314,fountain,Punto acqua,"43,9527706","12,2756233"
404555683,16/11/2022,404555683,fountain,Punto acqua,"44,1064911","11,9817762"
404729256,16/11/2022,404729256,fountain,Punto acqua,"43,896174","12,3477459"
453540691,16/11/2022,453540691,fountain,Punto acqua,"43,7854061","12,2985222"
453545611,16/11/2022,453545611,fountain,Punto acqua,"43,8156563","12,3477859"
601381843,16/11/2022,601381843,fountain,Punto acqua,"43,8717139","11,8925689"
602000038,16/11/2022,602000038,fountain,Punto acqua,"43,8583702","11,8669064"
602083533,16/11/2022,602083533,fountain,Punto acqua,"43,9326904","11,8911082"
605290072,16/11/2022,605290072,fountain,Punto acqua,"43,947503","11,9078872"
605290083,16/11/2022,605290083,fountain,Punto acqua,"43,9461504","11,9115807"
605664833,16/11/2022,605664833,fountain,Punto acqua,"43,9465326","11,9118045"
608646467,16/11/2022,608646467,fountain,Punto acqua,"43,9416713","11,9101481"
619431484,16/11/2022,619431484,fountain,Punto acqua,"43,9288408","11,8892103"
639673218,16/11/2022,639673218,fountain,Punto acqua,"43,98521","11,90594"
639673222,16/11/2022,639673222,fountain,Punto acqua,"43,9997031","11,9020391"
639673232,16/11/2022,639673232,fountain,Punto acqua,"43,99281","11,90968"
639673244,16/11/2022,639673244,fountain,Punto acqua,"43,9961261","11,9115963"
639673246,16/11/2022,639673246,fountain,Punto acqua,"43,9967528","11,9114355"
639673249,16/11/2022,639673249,fountain,Punto acqua,"43,99668","11,91203"
639673251,16/11/2022,639673251,fountain,Punto acqua,"43,99791","11,91181"
639673256,16/11/2022,639673256,fountain,Punto acqua,"43,99917","11,91362"
639673259,16/11/2022,639673259,fountain,Punto acqua,"43,99973","11,91197"
639673270,16/11/2022,639673270,fountain,Punto acqua,"44,00191","11,91095"
639673272,16/11/2022,639673272,fountain,Punto acqua,"44,0068597","11,9369599"
639673286,16/11/2022,639673286,fountain,Punto acqua,"44,00695","11,93754"
639673291,16/11/2022,639673291,fountain,Punto acqua,"44,00771","11,94166"
639673298,16/11/2022,639673298,fountain,Punto acqua,"44,0073","11,94218"
639673301,16/11/2022,639673301,fountain,Punto acqua,"44,00812","11,94278"
639673321,16/11/2022,639673321,fountain,Punto acqua,"44,14437","11,98646"
639673336,16/11/2022,639673336,fountain,Punto acqua,"44,1455656","11,9876289"
639832009,16/11/2022,639832009,fountain,Punto acqua,"43,83596","11,9613499"
639832012,16/11/2022,639832012,fountain,Punto acqua,"44,1102398","12,0580336"
639832020,16/11/2022,639832020,fountain,Punto acqua,"44,11617","12,05841"
639832024,16/11/2022,639832024,fountain,Punto acqua,"44,1208718","12,0623082"
639832031,16/11/2022,639832031,fountain,Punto acqua,"44,1219097","12,0602101"
639832052,16/11/2022,639832052,fountain,Punto acqua,"44,1413699","12,1003501"
639832056,16/11/2022,639832056,fountain,Punto acqua,"44,14257","12,1009899"
639832066,16/11/2022,639832066,fountain,Punto acqua,"44,1455803","12,2488198"
639832076,16/11/2022,639832076,fountain,Punto acqua,"44,1557301","12,3313299"
658269576,16/11/2022,658269576,fountain,Punto acqua,"43,9418071","11,9089845"
677076273,16/11/2022,677076273,fountain,Punto acqua,"43,9062779","12,2407495"
712709276,16/11/2022,712709276,fountain,Punto acqua,"44,1467064","12,1341057"
736037872,16/11/2022,736037872,fountain,Punto acqua,"44,150284","12,2539078"
746713859,16/11/2022,746713859,fountain,Punto acqua,"44,0211754","11,8519738"
746759588,16/11/2022,746759588,fountain,Punto acqua,"44,022336","11,8790706"
753825778,16/11/2022,753825778,fountain,Punto acqua,"44,1244397","12,2432455"
766729745,16/11/2022,766729745,fountain,Punto acqua,"43,8858624","11,836756"
808982880,16/11/2022,808982880,fountain,Punto acqua,"44,1366751","12,2430582"
825264001,16/11/2022,825264001,fountain,Punto acqua,"44,1370992","12,2457444"
841810636,16/11/2022,841810636,fountain,Punto acqua,"44,031011","12,3539708"
853772759,16/11/2022,853772759,fountain,Punto acqua,"44,100634","12,1952113"
869334534,16/11/2022,869334534,fountain,Punto acqua,"43,7817051","12,3365879"
912089800,16/11/2022,912089800,fountain,Punto acqua,"44,0047142","12,3468905"
912090950,16/11/2022,912090950,fountain,Punto acqua,"43,9999267","12,3498366"
912102600,16/11/2022,912102600,fountain,Punto acqua,"44,1600485","12,0022697"
912347279,16/11/2022,912347279,fountain,Punto acqua,"44,0111152","12,2044104"
912350004,16/11/2022,912350004,fountain,Punto acqua,"44,082941","12,2676854"
912355122,16/11/2022,912355122,fountain,Punto acqua,"44,0450191","12,2667911"
912355123,16/11/2022,912355123,fountain,Punto acqua,"44,0391447","12,2964238"
912357065,16/11/2022,912357065,fountain,Punto acqua,"44,0841552","12,3044044"
912357072,16/11/2022,912357072,fountain,Punto acqua,"44,0833984","12,3042023"
912358626,16/11/2022,912358626,fountain,Punto acqua,"44,016708","12,2923825"
912359544,16/11/2022,912359544,fountain,Punto acqua,"43,9895946","12,3163542"
912361388,16/11/2022,912361388,fountain,Punto acqua,"44,0068472","12,3000063"
912369117,16/11/2022,912369117,fountain,Punto acqua,"43,9475587","12,0350698"
912372653,16/11/2022,912372653,fountain,Punto acqua,"44,0014853","12,2380578"
912384968,16/11/2022,912384968,fountain,Punto acqua,"44,0627927","12,2229456"
912386508,16/11/2022,912386508,fountain,Punto acqua,"43,961847","12,1963735"
912386802,16/11/2022,912386802,fountain,Punto acqua,"43,9557235","12,195399"
912388517,16/11/2022,912388517,fountain,Punto acqua,"43,919521","12,1446641"
1012426385,16/11/2022,1012426385,fountain,Punto acqua,"44,0213486","11,850466"
1264256044,16/11/2022,1264256044,fountain,Punto acqua,"44,1187296","12,32666"
1299503902,16/11/2022,1299503902,fountain,Punto acqua,"43,9460208","11,9067621"
1301896618,16/11/2022,1301896618,fountain,Punto acqua,"43,8580399","11,9757526"
1305631492,16/11/2022,1305631492,fountain,Punto acqua,"43,7698751","11,918722"
1305827364,16/11/2022,1305827364,fountain,Punto acqua,"43,7449721","11,8976522"
1305902477,16/11/2022,1305902477,fountain,Punto acqua,"43,7197573","11,8675805"
1305928004,16/11/2022,1305928004,fountain,Punto acqua,"43,7097441","11,8549668"
1366103845,16/11/2022,1366103845,fountain,Punto acqua,"44,141166","11,9885475"
1398714453,16/11/2022,1398714453,fountain,Punto acqua,"43,8060876","12,3342193"
1401704609,16/11/2022,1401704609,fountain,Punto acqua,"43,8051944","12,3328702"
1401704622,16/11/2022,1401704622,fountain,Punto acqua,"43,8064309","12,3331051"
1408784682,16/11/2022,1408784682,fountain,Punto acqua,"43,7901332","12,3431339"
1408784751,16/11/2022,1408784751,fountain,Punto acqua,"43,800951","12,3225188"
1471123657,16/11/2022,1471123657,fountain,Punto acqua,"43,8840986","11,8660701"
1471123660,16/11/2022,1471123660,fountain,Punto acqua,"43,884655","11,8546297"
1510497527,16/11/2022,1510497527,fountain,Punto acqua,"44,1427631","12,2295757"
1551838144,16/11/2022,1551838144,fountain,Punto acqua,"43,8653034","11,843219"
1630054773,16/11/2022,1630054773,fountain,Punto acqua,"44,0559103","12,1589274"
1657708462,16/11/2022,1657708462,fountain,Punto acqua,"44,1150725","12,1507353"
1657719236,16/11/2022,1657719236,fountain,Punto acqua,"44,1512294","12,2254008"
1672584155,16/11/2022,1672584155,fountain,Punto acqua,"44,092803","12,2492775"
1672584159,16/11/2022,1672584159,fountain,Punto acqua,"44,103885","12,2440834"
1672584167,16/11/2022,1672584167,fountain,Punto acqua,"44,1350094","12,2562604"
1681867114,16/11/2022,1681867114,fountain,Punto acqua,"44,125681","12,2444162"
1681867117,16/11/2022,1681867117,fountain,Punto acqua,"44,1284505","12,2748509"
1696090800,16/11/2022,1696090800,fountain,Punto acqua,"43,8262071","12,3011815"
1734554321,16/11/2022,1734554321,fountain,Punto acqua,"44,0053755","12,3035271"
1734561830,16/11/2022,1734561830,fountain,Punto acqua,"43,9904305","12,2623143"
1735258670,16/11/2022,1735258670,fountain,Punto acqua,"44,0780854","12,0364931"
1736713947,16/11/2022,1736713947,fountain,Punto acqua,"44,1266459","12,0627717"
1736714050,16/11/2022,1736714050,fountain,Punto acqua,"44,1279505","12,0604896"
1741966889,16/11/2022,1741966889,fountain,Punto acqua,"44,0589613","12,2451024"
1748006617,16/11/2022,1748006617,fountain,Punto acqua,"44,1227423","11,8885587"
1748886938,16/11/2022,1748886938,fountain,Punto acqua,"44,050275","12,2981406"
1751740851,16/11/2022,1751740851,fountain,Punto acqua,"43,8711535","12,3573189"
1751740859,16/11/2022,1751740859,fountain,Punto acqua,"43,8739124","12,3569001"
1755142548,16/11/2022,1755142548,fountain,Punto acqua,"44,1284186","12,0602167"
1755367078,16/11/2022,1755367078,fountain,Punto acqua,"43,8648583","12,2073414"
1755385356,16/11/2022,1755385356,fountain,Punto acqua,"43,8648991","12,2070489"
1758692451,16/11/2022,1758692451,fountain,Punto acqua,"44,135199","12,249089"
1758722865,16/11/2022,1758722865,fountain,Punto acqua,"44,1024528","12,2932594"
1758722892,16/11/2022,1758722892,fountain,Punto acqua,"44,1317597","12,2543887"
1774847172,16/11/2022,1774847172,fountain,Punto acqua,"44,0814153","12,0769715"
1776349970,16/11/2022,1776349970,fountain,Punto acqua,"44,1279261","12,0594383"
1783280404,16/11/2022,1783280404,fountain,Punto acqua,"43,9410079","12,1415985"
1783280582,16/11/2022,1783280582,fountain,Punto acqua,"43,9559735","12,136152"
1785699666,16/11/2022,1785699666,fountain,Punto acqua,"43,9255863","12,1739249"
1785713149,16/11/2022,1785713149,fountain,Punto acqua,"44,0029682","12,1097517"
1785713150,16/11/2022,1785713150,fountain,Punto acqua,"43,9803252","12,1401291"
1785713151,16/11/2022,1785713151,fountain,Punto acqua,"44,0282124","12,1315473"
1785833352,16/11/2022,1785833352,fountain,Punto acqua,"43,938327","12,2267958"
1793512433,16/11/2022,1793512433,fountain,Punto acqua,"44,0502611","12,2713487"
1808751581,16/11/2022,1808751581,fountain,Punto acqua,"44,1372254","12,101947"
1834124714,16/11/2022,1834124714,fountain,Punto acqua,"44,0907929","12,198399"
1921463912,16/11/2022,1921463912,fountain,Punto acqua,"44,0616","11,8436666"
1921463964,16/11/2022,1921463964,fountain,Punto acqua,"44,0611402","11,8432951"
1922009019,16/11/2022,1922009019,fountain,Punto acqua,"44,0584687","11,8671158"
1925051179,16/11/2022,1925051179,fountain,Punto acqua,"44,0409386","11,8382722"
1927397626,16/11/2022,1927397626,fountain,Punto acqua,"44,0226847","11,8296275"
1929046750,16/11/2022,1929046750,fountain,Punto acqua,"43,7931517","11,8198399"
1980041290,16/11/2022,1980041290,fountain,Punto acqua,"43,706947","11,9302365"
1987582676,16/11/2022,1987582676,fountain,Punto acqua,"43,7509718","11,8225197"
1990653079,16/11/2022,1990653079,fountain,Punto acqua,"44,1269931","12,0604659"
2012527877,16/11/2022,2012527877,fountain,Punto acqua,"43,8290626","12,0801442"
2027988091,16/11/2022,2027988091,fountain,Punto acqua,"43,8429464","12,2841425"
2034970427,16/11/2022,2034970427,fountain,Punto acqua,"43,8382007","12,2883509"
2034970434,16/11/2022,2034970434,fountain,Punto acqua,"43,8407989","12,2874657"
2045790528,16/11/2022,2045790528,fountain,Punto acqua,"43,761013","12,2434695"
2045910948,16/11/2022,2045910948,fountain,Punto acqua,"44,0835967","12,1075303"
2096888650,16/11/2022,2096888650,fountain,Punto acqua,"43,9187778","11,8863372"
2240080892,16/11/2022,2240080892,fountain,Punto acqua,"44,1314693","12,1861962"
2256032123,16/11/2022,2256032123,fountain,Punto acqua,"44,0825003","12,3049178"
2261561626,16/11/2022,2261561626,fountain,Punto acqua,"43,7780324","12,092308"
2261604248,16/11/2022,2261604248,fountain,Punto acqua,"43,7907255","12,0680148"
2311423559,16/11/2022,2311423559,fountain,Punto acqua,"43,8969974","12,3526566"
2323187253,16/11/2022,2323187253,fountain,Punto acqua,"44,1480772","12,249982"
2351682653,16/11/2022,2351682653,fountain,Punto acqua,"44,130703","12,18536"
2351682658,16/11/2022,2351682658,fountain,Punto acqua,"44,144707","12,24896"
2434100681,16/11/2022,2434100681,fountain,Punto acqua,"44,1367719","12,2349104"
2434103707,16/11/2022,2434103707,fountain,Punto acqua,"43,8942385","12,0899534"
2434109104,16/11/2022,2434109104,fountain,Punto acqua,"43,7928456","12,0040551"
2503244932,16/11/2022,2503244932,fountain,Punto acqua,"43,8617645","11,8407349"
2503247921,16/11/2022,2503247921,fountain,Punto acqua,"43,8850441","11,8348286"
2547222008,16/11/2022,2547222008,fountain,Punto acqua,"44,0879303","12,2238424"
2567239022,16/11/2022,2567239022,fountain,Punto acqua,"44,0019968","12,0689371"
2567239632,16/11/2022,2567239632,fountain,Punto acqua,"44,0324921","12,0573"
2618855205,16/11/2022,2618855205,fountain,Punto acqua,"43,9058601","12,284026"
2811106219,16/11/2022,2811106219,fountain,Punto acqua,"43,760798","12,2995395"
2879424364,16/11/2022,2879424364,fountain,Punto acqua,"44,1025145","12,2271277"
2949031405,16/11/2022,2949031405,fountain,Punto acqua,"44,0428432","12,1393609"
3200055032,16/11/2022,3200055032,fountain,Punto acqua,"44,168333","12,2441393"
3245987625,16/11/2022,3245987625,fountain,Punto acqua,"44,1491222","12,1318129"
3332016640,16/11/2022,3332016640,fountain,Punto acqua,"43,9201776","12,1436091"
3345916252,16/11/2022,3345916252,fountain,Punto acqua,"43,8031426","11,9443388"
3388545352,16/11/2022,3388545352,fountain,Punto acqua,"43,9791983","12,2462568"
3437676617,16/11/2022,3437676617,fountain,Punto acqua,"43,8396851","11,8988607"
3507553630,16/11/2022,3507553630,fountain,Punto acqua,"44,0695852","12,2326847"
3522657957,16/11/2022,3522657957,fountain,Punto acqua,"44,1383771","12,1795672"
3659923520,16/11/2022,3659923520,fountain,Punto acqua,"43,9180841","12,143949"
3708359672,16/11/2022,3708359672,fountain,Punto acqua,"43,9322911","11,8919625"
3708359689,16/11/2022,3708359689,fountain,Punto acqua,"43,9302183","11,8909191"
3737678345,16/11/2022,3737678345,fountain,Punto acqua,"44,154225","11,8802203"
3750974071,16/11/2022,3750974071,fountain,Punto acqua,"44,1343288","12,2328293"
3772223839,16/11/2022,3772223839,fountain,Punto acqua,"44,0433237","12,2178866"
3779819400,16/11/2022,3779819400,fountain,Punto acqua,"44,0590648","11,8430888"
3785018645,16/11/2022,3785018645,fountain,Punto acqua,"44,070331","11,8929571"
3785811890,16/11/2022,3785811890,fountain,Punto acqua,"43,773648","11,9341215"
3836055524,16/11/2022,3836055524,fountain,Punto acqua,"44,1131856","12,1501423"
3873825946,16/11/2022,3873825946,fountain,Punto acqua,"43,7819284","11,8163524"
3879638857,16/11/2022,3879638857,fountain,Punto acqua,"43,7596417","11,8199092"
3979395857,16/11/2022,3979395857,fountain,Punto acqua,"43,8675897","11,9617035"
4043425906,16/11/2022,4043425906,fountain,Punto acqua,"44,1414699","12,2425854"
4058772571,16/11/2022,4058772571,fountain,Punto acqua,"44,0589484","12,2219659"
4071693478,16/11/2022,4071693478,fountain,Punto acqua,"43,7930221","11,8321688"
4135500196,16/11/2022,4135500196,fountain,Punto acqua,"44,1003295","12,2980282"
4239242658,16/11/2022,4239242658,fountain,Punto acqua,"44,0768842","12,1571947"
4404701333,16/11/2022,4404701333,fountain,Punto acqua,"43,7954075","11,8771108"
4405478612,16/11/2022,4405478612,fountain,Punto acqua,"43,8398257","11,9638862"
4405558199,16/11/2022,4405558199,fountain,Punto acqua,"43,8737132","11,9696447"
4406475154,16/11/2022,4406475154,fountain,Punto acqua,"43,8950186","11,9565817"
4408237679,16/11/2022,4408237679,fountain,Punto acqua,"43,8998982","11,9042818"
4408310237,16/11/2022,4408310237,fountain,Punto acqua,"43,8743077","11,8359453"
4410115033,16/11/2022,4410115033,fountain,Punto acqua,"43,9663841","11,8297302"
4410194401,16/11/2022,4410194401,fountain,Punto acqua,"43,9234822","11,9150993"
4410194410,16/11/2022,4410194410,fountain,Punto acqua,"43,9038007","11,8468214"
4410405971,16/11/2022,4410405971,fountain,Punto acqua,"43,8784441","11,8335019"
4529124648,16/11/2022,4529124648,fountain,Punto acqua,"44,1405188","12,2303716"
4611606698,16/11/2022,4611606698,fountain,Punto acqua,"44,1643529","12,1763953"
4625835693,16/11/2022,4625835693,fountain,Punto acqua,"44,1700263","12,2983884"
4758278127,16/11/2022,4758278127,fountain,Punto acqua,"43,8310989","11,8381601"
4787038323,16/11/2022,4787038323,fountain,Punto acqua,"44,0747161","12,3345922"
4794506077,16/11/2022,4794506077,fountain,Punto acqua,"44,1216156","11,8869485"
4902056921,16/11/2022,4902056921,fountain,Punto acqua,"44,0582591","12,3070054"
4931019441,16/11/2022,4931019441,fountain,Punto acqua,"43,7988289","11,8805411"
4949911642,16/11/2022,4949911642,fountain,Punto acqua,"43,8093143","11,8495918"
4993237257,16/11/2022,4993237257,fountain,Punto acqua,"43,9992813","12,352135"
5023505617,16/11/2022,5023505617,fountain,Punto acqua,"44,1170684","12,3387349"
5023505704,16/11/2022,5023505704,fountain,Punto acqua,"44,1188189","12,3375717"
5023505731,16/11/2022,5023505731,fountain,Punto acqua,"44,1127105","12,3275065"
5037313726,16/11/2022,5037313726,fountain,Punto acqua,"43,8407971","12,314212"
5037313748,16/11/2022,5037313748,fountain,Punto acqua,"43,8454786","12,317605"
5039529024,16/11/2022,5039529024,fountain,Punto acqua,"43,8976567","12,3422605"
5040149399,16/11/2022,5040149399,fountain,Punto acqua,"43,8568703","11,9758205"
5040161667,16/11/2022,5040161667,fountain,Punto acqua,"43,7775226","12,0913189"
5043132161,16/11/2022,5043132161,fountain,Punto acqua,"43,7949413","11,8776597"
5047423438,16/11/2022,5047423438,fountain,Punto acqua,"44,1172403","12,3490736"
5095478321,16/11/2022,5095478321,fountain,Punto acqua,"44,0296632","12,1898421"
5097762314,16/11/2022,5097762314,fountain,Punto acqua,"43,7501057","11,9343924"
5108498017,16/11/2022,5108498017,fountain,Punto acqua,"43,7465121","11,9248866"
5128028140,16/11/2022,5128028140,fountain,Punto acqua,"44,1424617","12,2395834"
5128028141,16/11/2022,5128028141,fountain,Punto acqua,"44,1418862","12,2391704"
5263812448,16/11/2022,5263812448,fountain,Punto acqua,"44,1573554","12,3293281"
5273668842,16/11/2022,5273668842,fountain,Punto acqua,"43,8526709","12,066349"
5277455019,16/11/2022,5277455019,fountain,Punto acqua,"43,8915908","12,0862936"
5371985980,16/11/2022,5371985980,fountain,Punto acqua,"44,141196","12,2894308"
5528218139,16/11/2022,5528218139,fountain,Punto acqua,"43,8960505","12,3438251"
5528224519,16/11/2022,5528224519,fountain,Punto acqua,"43,8972038","12,3428285"
5580354026,16/11/2022,5580354026,fountain,Punto acqua,"43,833271","12,1676567"
5588761895,16/11/2022,5588761895,fountain,Punto acqua,"43,749516","11,9343366"
5591791998,16/11/2022,5591791998,fountain,Punto acqua,"43,7078591","11,9316258"
5592777621,16/11/2022,5592777621,fountain,Punto acqua,"43,8100543","11,8168216"
5595372960,16/11/2022,5595372960,fountain,Punto acqua,"44,0606492","11,8458051"
5640522254,16/11/2022,5640522254,fountain,Punto acqua,"43,8852112","12,2991647"
5640530489,16/11/2022,5640530489,fountain,Punto acqua,"43,8821625","12,3284958"
5640530492,16/11/2022,5640530492,fountain,Punto acqua,"43,8750038","12,2813896"
5640530495,16/11/2022,5640530495,fountain,Punto acqua,"43,8716152","12,2380688"
5642001869,16/11/2022,5642001869,fountain,Punto acqua,"43,8643899","12,2066077"
5642010301,16/11/2022,5642010301,fountain,Punto acqua,"43,8403459","12,1941352"
5642011041,16/11/2022,5642011041,fountain,Punto acqua,"43,7778162","12,0938711"
5645218196,16/11/2022,5645218196,fountain,Punto acqua,"43,7849466","12,0357453"
5645218777,16/11/2022,5645218777,fountain,Punto acqua,"43,7057078","11,926984"
5841741732,16/11/2022,5841741732,fountain,Punto acqua,"43,8417973","12,3577899"
5891548050,16/11/2022,5891548050,fountain,Punto acqua,"43,7463485","11,9253263"
5940317938,16/11/2022,5940317938,fountain,Punto acqua,"44,1328052","12,3361351"
5958008885,16/11/2022,5958008885,fountain,Punto acqua,"44,1397239","12,241556"
6123543352,16/11/2022,6123543352,fountain,Punto acqua,"44,1462744","12,2990445"
6123543361,16/11/2022,6123543361,fountain,Punto acqua,"44,1426264","12,2980958"
6123543389,16/11/2022,6123543389,fountain,Punto acqua,"44,1562699","12,3292827"
6132261213,16/11/2022,6132261213,fountain,Punto acqua,"44,0836241","12,3047808"
6149248509,16/11/2022,6149248509,fountain,Punto acqua,"44,065183","12,294542"
6180462736,16/11/2022,6180462736,fountain,Punto acqua,"44,1063175","12,3361782"
6180462738,16/11/2022,6180462738,fountain,Punto acqua,"44,1128433","12,3451129"
6180462739,16/11/2022,6180462739,fountain,Punto acqua,"44,1130634","12,3409953"
6180462740,16/11/2022,6180462740,fountain,Punto acqua,"44,1153845","12,3422504"
6180497836,16/11/2022,6180497836,fountain,Punto acqua,"44,1156052","12,32509"
6237888553,16/11/2022,6237888553,fountain,Punto acqua,"43,7074452","11,9319905"
6278322872,16/11/2022,6278322872,fountain,Punto acqua,"43,8079755","12,3040867"
6281702301,16/11/2022,6281702301,fountain,Punto acqua,"43,8597082","11,9748505"
6426732367,16/11/2022,6426732367,fountain,Punto acqua,"44,0301425","12,2412948"
6428067154,16/11/2022,6428067154,fountain,Punto acqua,"43,8185338","12,2671109"
6428067159,16/11/2022,6428067159,fountain,Punto acqua,"43,8180204","12,2663118"
6432234663,16/11/2022,6432234663,fountain,Punto acqua,"43,7841639","11,9016909"
6432240558,16/11/2022,6432240558,fountain,Punto acqua,"43,7662187","11,9173176"
6432246485,16/11/2022,6432246485,fountain,Punto acqua,"43,7623862","11,9196095"
6433880254,16/11/2022,6433880254,fountain,Punto acqua,"43,7287659","11,9538398"
6456440754,16/11/2022,6456440754,fountain,Punto acqua,"44,1476849","12,132838"
6461488910,16/11/2022,6461488910,fountain,Punto acqua,"44,1477126","12,2453175"
6461521537,16/11/2022,6461521537,fountain,Punto acqua,"44,1489848","12,2542659"
6462585443,16/11/2022,6462585443,fountain,Punto acqua,"44,1471322","12,1326844"
6590396498,16/11/2022,6590396498,fountain,Punto acqua,"44,0412848","12,3169768"
6590396499,16/11/2022,6590396499,fountain,Punto acqua,"44,0419863","12,3184875"
6590396500,16/11/2022,6590396500,fountain,Punto acqua,"44,0421098","12,3189881"
6665414746,16/11/2022,6665414746,fountain,Punto acqua,"43,9730021","12,1523366"
6734530635,16/11/2022,6734530635,fountain,Punto acqua,"44,0072109","11,9400142"
6750126706,16/11/2022,6750126706,fountain,Punto acqua,"44,112758","12,3257901"
6750126724,16/11/2022,6750126724,fountain,Punto acqua,"44,1150315","12,3331207"
6765416555,16/11/2022,6765416555,fountain,Punto acqua,"43,9907259","12,3032621"
6768559066,16/11/2022,6768559066,fountain,Punto acqua,"44,1107912","12,3175183"
6768559081,16/11/2022,6768559081,fountain,Punto acqua,"44,1109926","12,3146928"
6768559082,16/11/2022,6768559082,fountain,Punto acqua,"44,1067748","12,3282829"
6904470185,16/11/2022,6904470185,fountain,Punto acqua,"44,0969346","12,3134085"
6946232376,16/11/2022,6946232376,fountain,Punto acqua,"44,1184007","12,2564205"
6993401385,16/11/2022,6993401385,fountain,Punto acqua,"44,1413572","12,2441157"
7029563557,16/11/2022,7029563557,fountain,Punto acqua,"43,8771084","11,821441"
7579890052,16/11/2022,7579890052,fountain,Punto acqua,"44,1428517","12,2316094"
7762301865,16/11/2022,7762301865,fountain,Punto acqua,"43,7846121","12,0320715"
7774465696,16/11/2022,7774465696,fountain,Punto acqua,"43,7090932","12,1853022"
7776603692,16/11/2022,7776603692,fountain,Punto acqua,"43,8364718","11,9606164"
7810351885,16/11/2022,7810351885,fountain,Punto acqua,"43,8791565","11,8418483"
7819654988,16/11/2022,7819654988,fountain,Punto acqua,"44,1696076","11,917119"
7820427781,16/11/2022,7820427781,fountain,Punto acqua,"43,8010242","12,2825109"
7843702655,16/11/2022,7843702655,fountain,Punto acqua,"44,1512035","11,9269561"
7875906885,16/11/2022,7875906885,fountain,Punto acqua,"43,7759901","11,8388569"
7902995013,16/11/2022,7902995013,fountain,Punto acqua,"43,7093094","12,1842778"
8184181362,16/11/2022,8184181362,fountain,Punto acqua,"44,0457252","12,0102786"
8184181363,16/11/2022,8184181363,fountain,Punto acqua,"44,0452019","12,005267"
8198670183,16/11/2022,8198670183,fountain,Punto acqua,"44,0431594","12,0049361"
8458686874,16/11/2022,8458686874,fountain,Punto acqua,"43,6983403","11,9369566"
8735007512,16/11/2022,8735007512,fountain,Punto acqua,"44,1116584","12,2370549"
8839623197,16/11/2022,8839623197,fountain,Punto acqua,"43,8164483","12,3474442"
8939964304,16/11/2022,8939964304,fountain,Punto acqua,"43,8341729","11,9587115"
9015548837,16/11/2022,9015548837,fountain,Punto acqua,"43,6988181","11,8972261"
9029841495,16/11/2022,9029841495,fountain,Punto acqua,"44,1352134","12,2455703"
9069853248,16/11/2022,9069853248,fountain,Punto acqua,"43,7535662","12,0833313"
9069853249,16/11/2022,9069853249,fountain,Punto acqua,"43,7535068","12,0691026"
9069853250,16/11/2022,9069853250,fountain,Punto acqua,"43,7733812","12,0812955"
9083655199,16/11/2022,9083655199,fountain,Punto acqua,"43,8519919","11,8322014"
9124583113,16/11/2022,9124583113,fountain,Punto acqua,"44,1522179","12,3172476"
9212061962,16/11/2022,9212061962,fountain,Punto acqua,"44,169566","11,9437671"
9489691833,16/11/2022,9489691833,fountain,Punto acqua,"43,7855094","11,9927678"
9537186972,16/11/2022,9537186972,fountain,Punto acqua,"43,9527271","12,2287614"
9537857905,16/11/2022,9537857905,fountain,Punto acqua,"43,9570626","12,2296035"
9579425575,16/11/2022,9579425575,fountain,Punto acqua,"43,7934888","12,0999472"
9579425576,16/11/2022,9579425576,fountain,Punto acqua,"43,7781198","12,0928902"
9581511993,16/11/2022,9581511993,fountain,Punto acqua,"43,8416255","12,0544058"
9581516007,16/11/2022,9581516007,fountain,Punto acqua,"43,8468071","12,0505406"
9581538946,16/11/2022,9581538946,fountain,Punto acqua,"43,8357004","12,0531006"
9581538947,16/11/2022,9581538947,fountain,Punto acqua,"43,8284155","12,0794068"
9581538948,16/11/2022,9581538948,fountain,Punto acqua,"43,8466616","12,0573618"
9581538949,16/11/2022,9581538949,fountain,Punto acqua,"43,8529088","12,065865"
9581538950,16/11/2022,9581538950,fountain,Punto acqua,"43,8638816","12,0810267"
9581594165,16/11/2022,9581594165,fountain,Punto acqua,"43,796141","12,0078373"
9666873622,16/11/2022,9666873622,fountain,Punto acqua,"44,1467785","12,2194641"
9675335402,16/11/2022,9675335402,fountain,Punto acqua,"43,7714451","11,8605279"
9675335403,16/11/2022,9675335403,fountain,Punto acqua,"43,784401","11,868511"
9675335405,16/11/2022,9675335405,fountain,Punto acqua,"43,7954438","11,8829874"
9675438947,16/11/2022,9675438947,fountain,Punto acqua,"43,8542206","11,9760055"
9675438948,16/11/2022,9675438948,fountain,Punto acqua,"43,8917865","12,085796"
9675438955,16/11/2022,9675438955,fountain,Punto acqua,"43,8884318","12,0325261"
9675517681,16/11/2022,9675517681,fountain,Punto acqua,"43,9573354","12,1961156"
9678427232,16/11/2022,9678427232,fountain,Punto acqua,"43,9942938","12,1079002"
9685864881,16/11/2022,9685864881,fountain,Punto acqua,"44,0222229","12,2045717"
9685993828,16/11/2022,9685993828,fountain,Punto acqua,"44,1369931","12,2638619"
9685993829,16/11/2022,9685993829,fountain,Punto acqua,"44,148554","12,2065355"
9685993830,16/11/2022,9685993830,fountain,Punto acqua,"44,1239388","12,286537"
9687946260,16/11/2022,9687946260,fountain,Punto acqua,"43,8692792","11,885592"
9725289679,16/11/2022,9725289679,fountain,Punto acqua,"44,1415281","12,243299"
9725293809,16/11/2022,9725293809,fountain,Punto acqua,"44,1372228","12,2531302"
9734949062,16/11/2022,9734949062,fountain,Punto acqua,"44,1369498","12,2639739"
9734953920,16/11/2022,9734953920,fountain,Punto acqua,"44,1281594","12,2443122"
9734955626,16/11/2022,9734955626,fountain,Punto acqua,"44,1392224","12,2610427"
9762006250,16/11/2022,9762006250,fountain,Punto acqua,"44,167664","12,2450858"
9772501514,16/11/2022,9772501514,fountain,Punto acqua,"44,1304848","12,2426045"
9793056691,16/11/2022,9793056691,fountain,Punto acqua,"43,9023026","11,8454913"
9799980506,16/11/2022,9799980506,fountain,Punto acqua,"43,9560916","12,1962095"
9811057634,16/11/2022,9811057634,fountain,Punto acqua,"43,7219047","11,9496957"
9811057637,16/11/2022,9811057637,fountain,Punto acqua,"43,7378661","12,1017987"
9811057638,16/11/2022,9811057638,fountain,Punto acqua,"43,8032801","11,8621774"
9811057641,16/11/2022,9811057641,fountain,Punto acqua,"43,9018031","11,8453956"
9901313509,16/11/2022,9901313509,fountain,Punto acqua,"44,0744727","12,3270669"
9910643192,16/11/2022,9910643192,fountain,Punto acqua,"43,7075189","12,2958279"
9915550178,16/11/2022,9915550178,fountain,Punto acqua,"43,9932763","12,2740924"
9928824914,16/11/2022,9928824914,fountain,Punto acqua,"43,9284938","11,8594648"
9928824915,16/11/2022,9928824915,fountain,Punto acqua,"43,9116464","11,8620369"
9967917716,16/11/2022,9967917716,fountain,Punto acqua,"43,9371476","12,3421527"
10019083715,16/11/2022,10019083715,fountain,Punto acqua,"43,8053941","12,316311"
10046885324,16/11/2022,10046885324,fountain,Punto acqua,"44,1342893","12,0581709"
10088078657,16/11/2022,10088078657,fountain,Punto acqua,"43,8111292","12,1095025"
10123841965,16/11/2022,10123841965,fountain,Punto acqua,"43,7849077","12,0337376"
10123877720,16/11/2022,10123877720,fountain,Punto acqua,"43,8922202","12,2902217"
10159366861,16/11/2022,10159366861,fountain,Punto acqua,"44,1432911","12,1014321"
10180485918,16/11/2022,10180485918,fountain,Punto acqua,"43,8360014","11,9878388"
10180485919,16/11/2022,10180485919,fountain,Punto acqua,"43,8348954","11,9937554"
10180485920,16/11/2022,10180485920,fountain,Punto acqua,"43,8524093","11,9833815"
10185500640,16/11/2022,10185500640,fountain,Punto acqua,"44,1215859","12,3460133"
10185525841,16/11/2022,10185525841,fountain,Punto acqua,"44,1229632","12,337428"